county,si_crude_rate,year
Alamance,58.4,2017
Alexander,34.1,2017
Alleghany,30.2,2017
Anson,57.8,2017
Ashe,23.9,2017
Avery,23.7,2017
Beaufort,57.9,2017
Bertie,42.5,2017
Bladen,48.9,2017
Brunswick,32.0,2017
Buncombe,60.0,2017
Burke,41.1,2017
Cabarrus,38.7,2017
Caldwell,39.1,2017
Camden,20.0,2017
Carteret,33.9,2017
Caswell,26.6,2017
Catawba,38.4,2017
Chatham,21.6,2017
Cherokee,26.9,2017
Chowan,51.2,2017
Clay,18.9,2017
Cleveland,34.2,2017
Columbus,29.6,2017
Craven,52.6,2017
Cumberland,45.1,2017
Currituck,20.0,2017
Dare,27.0,2017
Davidson,44.9,2017
Davie,46.2,2017
Duplin,57.1,2017
Durham,42.7,2017
Edgecombe,71.2,2017
Forsyth,65.2,2017
Franklin,25.4,2017
Gaston,55.3,2017
Gates,34.6,2017
Graham,31.6,2017
Granville,27.2,2017
Greene,36.0,2017
Guilford,64.4,2017
Halifax,60.4,2017
Harnett,22.3,2017
Haywood,59.3,2017
Henderson,55.8,2017
Hertford,47.9,2017
Hoke,42.1,2017
Hyde,44.0,2017
Iredell,39.3,2017
Jackson,24.7,2017
Johnston,25.2,2017
Jones,37.7,2017
Lee,47.4,2017
Lenoir,47.0,2017
Lincoln,36.1,2017
Macon,43.1,2017
Madison,39.9,2017
Martin,29.8,2017
McDowell,51.3,2017
Mecklenburg,30.4,2017
Mitchell,38.0,2017
Montgomery,32.4,2017
Moore,30.7,2017
Nash,36.8,2017
New Hanover,66.4,2017
Northampton,48.5,2017
Onslow,36.4,2017
Orange,42.9,2017
Pamlico,29.6,2017
Pasquotank,44.9,2017
Pender,39.2,2017
Perquimans,45.2,2017
Person,36.6,2017
Pitt,67.8,2017
Polk,23.4,2017
Randolph,42.0,2017
Richmond,56.6,2017
Robeson,91.0,2017
Rockingham,57.7,2017
Rowan,47.4,2017
Rutherford,44.9,2017
Sampson,32.1,2017
Scotland,69.0,2017
Stanly,67.9,2017
Stokes,53.0,2017
Surry,50.2,2017
Swain,29.7,2017
Transylvania,52.5,2017
Tyrrell,29.9,2017
Union,29.3,2017
Vance,31.9,2017
Wake,24.7,2017
Warren,20.7,2017
Washington,29.6,2017
Watauga,24.9,2017
Wayne,32.9,2017
Wilkes,47.9,2017
Wilson,35.1,2017
Yadkin,51.6,2017
Yancey,29.4,2017
Alamance,63.2,2018
Alexander,44.2,2018
Alleghany,25.6,2018
Anson,55.5,2018
Ashe,26.3,2018
Avery,34.3,2018
Beaufort,61.4,2018
Bertie,48.4,2018
Bladen,54.9,2018
Brunswick,35.5,2018
Buncombe,77.5,2018
Burke,46.8,2018
Cabarrus,41.9,2018
Caldwell,51.9,2018
Camden,16.8,2018
Carteret,30.3,2018
Caswell,31.2,2018
Catawba,46.0,2018
Chatham,31.8,2018
Cherokee,56.3,2018
Chowan,40.6,2018
Clay,32.3,2018
Cleveland,38.7,2018
Columbus,22.2,2018
Craven,56.5,2018
Cumberland,52.0,2018
Currituck,21.0,2018
Dare,27.1,2018
Davidson,56.9,2018
Davie,50.6,2018
Duplin,44.2,2018
Durham,51.4,2018
Edgecombe,63.6,2018
Forsyth,80.3,2018
Franklin,24.4,2018
Gaston,52.5,2018
Gates,25.7,2018
Graham,56.8,2018
Granville,34.7,2018
Greene,32.3,2018
Guilford,75.9,2018
Halifax,66.2,2018
Harnett,31.6,2018
Haywood,68.4,2018
Henderson,66.3,2018
Hertford,53.0,2018
Hoke,35.0,2018
Hyde,38.1,2018
Iredell,44.7,2018
Jackson,34.9,2018
Johnston,32.2,2018
Jones,36.8,2018
Lee,52.2,2018
Lenoir,49.9,2018
Lincoln,39.5,2018
Macon,48.1,2018
Madison,52.6,2018
Martin,31.3,2018
McDowell,72.5,2018
Mecklenburg,30.8,2018
Mitchell,42.0,2018
Montgomery,39.5,2018
Moore,30.8,2018
Nash,43.2,2018
New Hanover,54.4,2018
Northampton,34.0,2018
Onslow,33.9,2018
Orange,49.5,2018
Pamlico,32.8,2018
Pasquotank,34.1,2018
Pender,40.1,2018
Perquimans,31.5,2018
Person,43.9,2018
Pitt,60.1,2018
Polk,35.8,2018
Randolph,42.3,2018
Richmond,66.8,2018
Robeson,91.7,2018
Rockingham,66.7,2018
Rowan,47.1,2018
Rutherford,44.5,2018
Sampson,26.4,2018
Scotland,77.9,2018
Stanly,54.8,2018
Stokes,52.8,2018
Surry,55.3,2018
Swain,61.3,2018
Transylvania,62.7,2018
Tyrrell,12.7,2018
Union,28.3,2018
Vance,30.1,2018
Wake,26.5,2018
Warren,14.2,2018
Washington,22.3,2018
Watauga,28.8,2018
Wayne,33.6,2018
Wilkes,53.3,2018
Wilson,38.2,2018
Yadkin,52.6,2018
Yancey,41.3,2018
Alamance,67.7,2019
Alexander,43.2,2019
Alleghany,34.8,2019
Anson,58.2,2019
Ashe,29.6,2019
Avery,59.0,2019
Beaufort,59.3,2019
Bertie,54.8,2019
Bladen,38.4,2019
Brunswick,39.1,2019
Buncombe,87.6,2019
Burke,48.0,2019
Cabarrus,40.5,2019
Caldwell,56.5,2019
Camden,20.5,2019
Carteret,32.3,2019
Caswell,31.5,2019
Catawba,70.3,2019
Chatham,30.5,2019
Cherokee,32.1,2019
Chowan,42.9,2019
Clay,22.4,2019
Cleveland,39.7,2019
Columbus,26.8,2019
Craven,59.8,2019
Cumberland,60.2,2019
Currituck,15.7,2019
Dare,26.8,2019
Davidson,57.6,2019
Davie,49.8,2019
Duplin,56.4,2019
Durham,54.7,2019
Edgecombe,86.7,2019
Forsyth,75.1,2019
Franklin,23.0,2019
Gaston,50.2,2019
Gates,25.3,2019
Graham,47.2,2019
Granville,35.5,2019
Greene,34.6,2019
Guilford,74.8,2019
Halifax,61.4,2019
Harnett,34.2,2019
Haywood,65.1,2019
Henderson,67.6,2019
Hertford,66.2,2019
Hoke,51.7,2019
Hyde,47.5,2019
Iredell,41.3,2019
Jackson,36.5,2019
Johnston,34.7,2019
Jones,52.6,2019
Lee,50.2,2019
Lenoir,43.1,2019
Lincoln,42.6,2019
Macon,46.0,2019
Madison,49.1,2019
Martin,37.2,2019
McDowell,80.8,2019
Mecklenburg,35.2,2019
Mitchell,47.0,2019
Montgomery,40.5,2019
Moore,30.5,2019
Nash,68.9,2019
New Hanover,59.0,2019
Northampton,48.3,2019
Onslow,35.0,2019
Orange,52.2,2019
Pamlico,36.6,2019
Pasquotank,49.2,2019
Pender,45.6,2019
Perquimans,31.3,2019
Person,38.7,2019
Pitt,68.5,2019
Polk,33.3,2019
Randolph,39.8,2019
Richmond,73.4,2019
Robeson,102.5,2019
Rockingham,62.7,2019
Rowan,51.6,2019
Rutherford,50.7,2019
Sampson,31.3,2019
Scotland,79.4,2019
Stanly,51.3,2019
Stokes,47.3,2019
Surry,50.9,2019
Swain,87.3,2019
Transylvania,57.7,2019
Tyrrell,44.8,2019
Union,30.7,2019
Vance,40.8,2019
Wake,28.1,2019
Warren,20.8,2019
Washington,35.8,2019
Watauga,40.8,2019
Wayne,48.0,2019
Wilkes,40.9,2019
Wilson,44.4,2019
Yadkin,49.4,2019
Yancey,40.2,2019
Alamance,54.0,2020
Alexander,37.1,2020
Alleghany,44.2,2020
Anson,30.4,2020
Ashe,43.0,2020
Avery,54.5,2020
Beaufort,57.3,2020
Bertie,45.9,2020
Bladen,47.3,2020
Brunswick,32.7,2020
Buncombe,83.4,2020
Burke,48.0,2020
Cabarrus,27.2,2020
Caldwell,49.8,2020
Camden,26.0,2020
Carteret,32.9,2020
Caswell,18.1,2020
Catawba,66.3,2020
Chatham,22.7,2020
Cherokee,35.2,2020
Chowan,31.4,2020
Clay,13.6,2020
Cleveland,29.8,2020
Columbus,35.8,2020
Craven,39.6,2020
Cumberland,53.4,2020
Currituck,20.1,2020
Dare,25.1,2020
Davidson,42.9,2020
Davie,37.1,2020
Duplin,41.2,2020
Durham,48.0,2020
Edgecombe,95.8,2020
Forsyth,61.7,2020
Franklin,22.9,2020
Gaston,40.3,2020
Gates,27.0,2020
Graham,38.7,2020
Granville,30.0,2020
Greene,36.7,2020
Guilford,57.5,2020
Halifax,48.8,2020
Harnett,34.1,2020
Haywood,65.0,2020
Henderson,60.1,2020
Hertford,39.3,2020
Hoke,33.1,2020
Hyde,48.2,2020
Iredell,37.6,2020
Jackson,35.5,2020
Johnston,34.5,2020
Jones,25.2,2020
Lee,45.9,2020
Lenoir,40.9,2020
Lincoln,36.9,2020
Macon,35.6,2020
Madison,55.3,2020
Martin,36.5,2020
McDowell,78.6,2020
Mecklenburg,30.4,2020
Mitchell,35.6,2020
Montgomery,45.5,2020
Moore,30.1,2020
Nash,52.6,2020
New Hanover,51.1,2020
Northampton,45.2,2020
Onslow,30.3,2020
Orange,42.5,2020
Pamlico,23.7,2020
Pasquotank,45.3,2020
Pender,39.5,2020
Perquimans,35.5,2020
Person,38.1,2020
Pitt,58.2,2020
Polk,43.2,2020
Randolph,22.7,2020
Richmond,68.6,2020
Robeson,91.0,2020
Rockingham,51.1,2020
Rowan,46.3,2020
Rutherford,63.2,2020
Sampson,22.8,2020
Scotland,64.3,2020
Stanly,40.0,2020
Stokes,41.4,2020
Surry,49.1,2020
Swain,83.8,2020
Transylvania,54.1,2020
Tyrrell,54.2,2020
Union,23.8,2020
Vance,37.5,2020
Wake,28.5,2020
Warren,18.3,2020
Washington,21.9,2020
Watauga,36.2,2020
Wayne,38.0,2020
Wilkes,42.4,2020
Wilson,52.0,2020
Yadkin,47.1,2020
Yancey,40.6,2020
Alamance,55.9,2021
Alexander,58.4,2021
Alleghany,30.6,2021
Anson,52.8,2021
Ashe,43.4,2021
Avery,41.8,2021
Beaufort,56.3,2021
Bertie,51.7,2021
Bladen,61.2,2021
Brunswick,32.3,2021
Buncombe,88.1,2021
Burke,56.6,2021
Cabarrus,42.7,2021
Caldwell,59.6,2021
Camden,29.1,2021
Carteret,22.1,2021
Caswell,23.2,2021
Catawba,64.9,2021
Chatham,18.7,2021
Cherokee,23.8,2021
Chowan,39.4,2021
Clay,9.8,2021
Cleveland,47.8,2021
Columbus,38.5,2021
Craven,36.5,2021
Cumberland,52.4,2021
Currituck,16.9,2021
Dare,28.0,2021
Davidson,48.6,2021
Davie,49.0,2021
Duplin,45.5,2021
Durham,50.9,2021
Edgecombe,89.0,2021
Forsyth,69.8,2021
Franklin,34.1,2021
Gaston,46.8,2021
Gates,20.2,2021
Graham,29.8,2021
Granville,35.7,2021
Greene,29.8,2021
Guilford,54.6,2021
Halifax,52.5,2021
Harnett,36.8,2021
Haywood,59.0,2021
Henderson,52.9,2021
Hertford,39.9,2021
Hoke,43.0,2021
Hyde,47.8,2021
Iredell,47.8,2021
Jackson,30.7,2021
Johnston,31.1,2021
Jones,36.9,2021
Lee,41.7,2021
Lenoir,38.1,2021
Lincoln,40.0,2021
Macon,46.3,2021
Madison,59.7,2021
Martin,28.6,2021
McDowell,75.9,2021
Mecklenburg,36.4,2021
Mitchell,51.6,2021
Montgomery,28.3,2021
Moore,28.6,2021
Nash,54.7,2021
New Hanover,51.5,2021
Northampton,45.6,2021
Onslow,32.2,2021
Orange,44.9,2021
Pamlico,21.1,2021
Pasquotank,54.9,2021
Pender,42.6,2021
Perquimans,43.8,2021
Person,39.3,2021
Pitt,67.7,2021
Polk,34.8,2021
Randolph,26.8,2021
Richmond,59.5,2021
Robeson,111.2,2021
Rockingham,55.2,2021
Rowan,51.0,2021
Rutherford,66.3,2021
Sampson,39.0,2021
Scotland,70.6,2021
Stanly,58.6,2021
Stokes,52.6,2021
Surry,49.2,2021
Swain,75.6,2021
Transylvania,60.8,2021
Tyrrell,37.2,2021
Union,30.2,2021
Vance,58.9,2021
Wake,32.7,2021
Warren,34.0,2021
Washington,22.2,2021
Watauga,47.5,2021
Wayne,33.7,2021
Wilkes,45.7,2021
Wilson,72.2,2021
Yadkin,54.1,2021
Yancey,47.1,2021
Alamance,63.0,2022
Alexander,49.1,2022
Alleghany,40.4,2022
Anson,58.1,2022
Ashe,42.4,2022
Avery,41.8,2022
Beaufort,58.1,2022
Bertie,53.2,2022
Bladen,55.1,2022
Brunswick,34.9,2022
Buncombe,92.5,2022
Burke,73.8,2022
Cabarrus,53.6,2022
Caldwell,75.5,2022
Camden,31.1,2022
Carteret,17.0,2022
Caswell,29.5,2022
Catawba,71.0,2022
Chatham,29.2,2022
Cherokee,26.7,2022
Chowan,47.5,2022
Clay,14.9,2022
Cleveland,63.7,2022
Columbus,32.0,2022
Craven,47.5,2022
Cumberland,50.2,2022
Currituck,21.4,2022
Dare,32.7,2022
Davidson,53.7,2022
Davie,60.3,2022
Duplin,50.9,2022
Durham,55.5,2022
Edgecombe,85.9,2022
Forsyth,80.9,2022
Franklin,36.4,2022
Gaston,53.1,2022
Gates,35.9,2022
Graham,41.0,2022
Granville,32.7,2022
Greene,32.3,2022
Guilford,55.1,2022
Halifax,68.6,2022
Harnett,46.6,2022
Haywood,54.2,2022
Henderson,55.1,2022
Hertford,53.8,2022
Hoke,43.7,2022
Hyde,37.4,2022
Iredell,53.7,2022
Jackson,40.0,2022
Johnston,32.7,2022
Jones,54.4,2022
Lee,43.1,2022
Lenoir,44.9,2022
Lincoln,46.7,2022
Macon,55.8,2022
Madison,55.8,2022
Martin,38.6,2022
McDowell,91.8,2022
Mecklenburg,48.1,2022
Mitchell,60.4,2022
Montgomery,28.3,2022
Moore,26.0,2022
Nash,63.9,2022
New Hanover,46.8,2022
Northampton,61.0,2022
Onslow,36.5,2022
Orange,46.1,2022
Pamlico,30.1,2022
Pasquotank,67.0,2022
Pender,30.3,2022
Perquimans,39.4,2022
Person,33.1,2022
Pitt,63.8,2022
Polk,35.8,2022
Randolph,32.2,2022
Richmond,65.9,2022
Robeson,96.3,2022
Rockingham,56.9,2022
Rowan,60.1,2022
Rutherford,56.4,2022
Sampson,52.0,2022
Scotland,85.3,2022
Stanly,61.1,2022
Stokes,50.4,2022
Surry,51.6,2022
Swain,89.4,2022
Transylvania,80.6,2022
Tyrrell,50.1,2022
Union,37.6,2022
Vance,78.8,2022
Wake,38.1,2022
Warren,43.4,2022
Washington,34.9,2022
Watauga,46.1,2022
Wayne,35.3,2022
Wilkes,45.2,2022
Wilson,76.8,2022
Yadkin,53.9,2022
Yancey,40.1,2022
Alamance,58.3,2023
Alexander,59.4,2023
Alleghany,49.0,2023
Anson,81.0,2023
Ashe,48.2,2023
Avery,35.1,2023
Beaufort,58.0,2023
Bertie,43.4,2023
Bladen,76.1,2023
Brunswick,32.9,2023
Buncombe,85.4,2023
Burke,70.8,2023
Cabarrus,51.8,2023
Caldwell,74.5,2023
Camden,37.1,2023
Carteret,13.5,2023
Caswell,34.4,2023
Catawba,77.6,2023
Chatham,28.9,2023
Cherokee,31.2,2023
Chowan,52.1,2023
Clay,23.7,2023
Cleveland,65.1,2023
Columbus,32.4,2023
Craven,55.2,2023
Cumberland,69.2,2023
Currituck,24.2,2023
Dare,26.5,2023
Davidson,53.3,2023
Davie,56.4,2023
Duplin,47.1,2023
Durham,60.4,2023
Edgecombe,92.0,2023
Forsyth,80.9,2023
Franklin,38.5,2023
Gaston,58.1,2023
Gates,17.2,2023
Graham,55.8,2023
Granville,41.9,2023
Greene,28.6,2023
Guilford,56.2,2023
Halifax,77.8,2023
Harnett,50.6,2023
Haywood,55.7,2023
Henderson,54.2,2023
Hertford,43.1,2023
Hoke,55.8,2023
Hyde,41.8,2023
Iredell,49.0,2023
Jackson,42.1,2023
Johnston,39.8,2023
Jones,57.2,2023
Lee,41.1,2023
Lenoir,36.6,2023
Lincoln,49.5,2023
Macon,52.5,2023
Madison,66.1,2023
Martin,35.5,2023
McDowell,94.3,2023
Mecklenburg,50.5,2023
Mitchell,62.2,2023
Montgomery,38.0,2023
Moore,38.0,2023
Nash,66.7,2023
New Hanover,61.3,2023
Northampton,57.4,2023
Onslow,39.0,2023
Orange,45.8,2023
Pamlico,39.4,2023
Pasquotank,59.3,2023
Pender,39.3,2023
Perquimans,68.4,2023
Person,38.2,2023
Pitt,58.4,2023
Polk,38.2,2023
Randolph,32.3,2023
Richmond,60.9,2023
Robeson,72.5,2023
Rockingham,64.5,2023
Rowan,67.9,2023
Rutherford,56.8,2023
Sampson,51.0,2023
Scotland,85.5,2023
Stanly,60.7,2023
Stokes,54.4,2023
Surry,51.2,2023
Swain,106.7,2023
Transylvania,69.6,2023
Tyrrell,15.0,2023
Union,36.2,2023
Vance,84.2,2023
Wake,38.5,2023
Warren,61.4,2023
Washington,20.1,2023
Watauga,35.7,2023
Wayne,42.9,2023
Wilkes,49.1,2023
Wilson,97.0,2023
Yadkin,60.2,2023
Yancey,38.4,2023
Alamance,56.5,2024
Alexander,66.2,2024
Alleghany,55.9,2024
Anson,86.8,2024
Ashe,42.9,2024
Avery,31.9,2024
Beaufort,54.6,2024
Bertie,40.1,2024
Bladen,62.2,2024
Brunswick,32.8,2024
Buncombe,77.4,2024
Burke,79.5,2024
Cabarrus,49.5,2024
Caldwell,74.7,2024
Camden,33.6,2024
Carteret,19.2,2024
Caswell,35.2,2024
Catawba,84.9,2024
Chatham,29.4,2024
Cherokee,29.7,2024
Chowan,58.0,2024
Clay,25.1,2024
Cleveland,72.0,2024
Columbus,15.9,2024
Craven,62.3,2024
Cumberland,72.3,2024
Currituck,22.1,2024
Dare,24.1,2024
Davidson,52.3,2024
Davie,55.8,2024
Duplin,51.8,2024
Durham,61.4,2024
Edgecombe,103.1,2024
Forsyth,83.7,2024
Franklin,42.4,2024
Gaston,61.8,2024
Gates,15.6,2024
Graham,73.7,2024
Granville,43.4,2024
Greene,32.7,2024
Guilford,50.9,2024
Halifax,80.7,2024
Harnett,45.8,2024
Haywood,58.4,2024
Henderson,46.1,2024
Hertford,33.5,2024
Hoke,57.5,2024
Hyde,23.7,2024
Iredell,49.0,2024
Jackson,34.7,2024
Johnston,35.1,2024
Jones,45.4,2024
Lee,34.2,2024
Lenoir,45.8,2024
Lincoln,46.8,2024
Macon,50.4,2024
Madison,60.0,2024
Martin,34.3,2024
McDowell,90.7,2024
Mecklenburg,51.9,2024
Mitchell,47.7,2024
Montgomery,33.4,2024
Moore,39.7,2024
Nash,70.6,2024
New Hanover,56.9,2024
Northampton,42.8,2024
Onslow,37.1,2024
Orange,48.6,2024
Pamlico,65.2,2024
Pasquotank,59.0,2024
Pender,34.3,2024
Perquimans,37.3,2024
Person,46.1,2024
Pitt,56.8,2024
Polk,44.9,2024
Randolph,32.8,2024
Richmond,75.2,2024
Robeson,79.0,2024
Rockingham,49.3,2024
Rowan,57.0,2024
Rutherford,66.7,2024
Sampson,52.9,2024
Scotland,96.5,2024
Stanly,62.9,2024
Stokes,59.9,2024
Surry,46.5,2024
Swain,104.8,2024
Transylvania,69.1,2024
Tyrrell,28.7,2024
Union,36.0,2024
Vance,87.5,2024
Wake,43.7,2024
Warren,62.1,2024
Washington,27.8,2024
Watauga,32.5,2024
Wayne,46.3,2024
Wilkes,54.2,2024
Wilson,98.3,2024
Yadkin,62.8,2024
Yancey,50.1,2024
